,Company,Revenue Growth (%),Net Income Growth (%),Assets Growth(%),Liabilities Growth(%),Cash Flow Growth(%)
0,Apple,-2.673162323,-4.2792763,-0.599696557,0.7256462483988478,-0.148728806
1,Microsoft,-8.846426659,-10.44935945,-12.27385304,-9.040593253,-13.01904211
2,Tesla,-5.586748463,31.13259155,-11.81040031,-8.797871175,-0.032148533
